{
  "2D": 5037.5799987316,
  "3D": 128157.967005016,
  "AssetLib": 272.101999998093,
  "Editor": 290463.545006277,
  "Script": 156995.896002531
}