{
  "2D": 2750.01599860191,
  "3D": 81628.6790027618,
  "AssetLib": 272.101999998093,
  "Editor": 149766.24900341,
  "Script": 65115.4520020486
}