{
  "2D": 13288.8729987145,
  "3D": 242018.822002415,
  "AssetLib": 272.101999998093,
  "Editor": 525787.841003422,
  "Script": 270208.044002294
}