{
  "2D": 2750.01599860191,
  "3D": 81263.8020026684,
  "AssetLib": 272.101999998093,
  "Editor": 149401.372003317,
  "Script": 65115.4520020486
}