{
  "2D": 13287.8039987088,
  "3D": 233354.996002678,
  "AssetLib": 272.101999998093,
  "Editor": 511307.907003645,
  "Script": 264393.00500226
}