{
  "2D": 18070.6719989777,
  "3D": 252244.345001701,
  "AssetLib": 272.101999998093,
  "Editor": 557666.982003215,
  "Script": 287079.863002538
}