{
  "2D": 8473.73999881743,
  "3D": 134960.493004323,
  "AssetLib": 272.101999998093,
  "Editor": 335631.348006725,
  "Script": 191925.013003586
}