{
  "2D": 6261.69799876211,
  "3D": 131442.090004684,
  "AssetLib": 272.101999998093,
  "Editor": 307688.198006153,
  "Script": 169712.308002709
}