{
  "2D": 4515.64799833297,
  "3D": 117706.616004944,
  "AssetLib": 272.101999998093,
  "Editor": 240871.54000473,
  "Script": 118377.174001455
}