{
  "2D": 8473.73999881743,
  "3D": 134438.056004764,
  "AssetLib": 272.101999998093,
  "Editor": 329540.540006637,
  "Script": 186356.642003058
}