{
  "2D": 13288.8729987145,
  "3D": 237409.712002997,
  "AssetLib": 272.101999998093,
  "Editor": 517100.405004028,
  "Script": 266129.718002319
}