{
  "2D": 803.594999790191,
  "3D": 11141.7660005092,
  "Editor": 34064.6490011215,
  "Script": 22119.2880008221
}