{
  "2D": 8556.85899901389,
  "3D": 177195.210003854,
  "AssetLib": 272.101999998093,
  "Editor": 423552.307005168,
  "Script": 237528.136002302
}