{
  "2D": 13287.8039987088,
  "3D": 206622.501004222,
  "AssetLib": 272.101999998093,
  "Editor": 470854.007004979,
  "Script": 250671.60000205
}