{
  "2D": 19811.0629990102,
  "3D": 252294.804001335,
  "AssetLib": 272.101999998093,
  "Editor": 549048.040002587,
  "Script": 276670.071002244
}