{
  "2D": 8559.87099885939,
  "3D": 177831.094003917,
  "AssetLib": 272.101999998093,
  "Editor": 425412.239005328,
  "Script": 238749.172002554
}