{
  "2D": 13288.8729987145,
  "3D": 240215.487002854,
  "AssetLib": 272.101999998093,
  "Editor": 519906.180003886,
  "Script": 266129.718002319
}