{
  "2D": 19811.0629990102,
  "3D": 253858.564001087,
  "AssetLib": 272.101999998093,
  "Editor": 551243.913002732,
  "Script": 277302.184002637
}