{
  "2D": 4530.82499885558,
  "3D": 128116.8140049,
  "AssetLib": 272.101999998093,
  "Editor": 287160.786005976,
  "Script": 154241.045002222
}