{
  "2D": 4529.80999875068,
  "3D": 127840.140005352,
  "AssetLib": 272.101999998093,
  "Editor": 282322.277005435,
  "Script": 149680.225001335
}