{
  "2D": 1791.05599927902,
  "3D": 22702.1230010985,
  "Editor": 62622.2180011271,
  "Script": 38129.0390007496
}