{
  "2D": 8473.73999881743,
  "3D": 139196.038004637,
  "AssetLib": 272.101999998093,
  "Editor": 343223.989006995,
  "Script": 195282.109003542
}