{
  "2D": 2727.04199886321,
  "3D": 51539.8260006905,
  "AssetLib": 272.101999998093,
  "Editor": 115566.482001066,
  "Script": 61027.5120015145
}