{
  "2D": 8473.73999881743,
  "3D": 144482.751004458,
  "AssetLib": 272.101999998093,
  "Editor": 360734.174005985,
  "Script": 207505.581002711
}