{
  "2D": 2604.52599906921,
  "3D": 29580.6310021876,
  "AssetLib": 272.101999998093,
  "Editor": 86260.1010026929,
  "Script": 53802.8420014381
}