{
  "2D": 2750.01599860191,
  "3D": 90825.6800029278,
  "AssetLib": 272.101999998093,
  "Editor": 158963.250003576,
  "Script": 65115.4520020486
}