{
  "2D": 8556.85899901389,
  "3D": 155260.453002692,
  "AssetLib": 272.101999998093,
  "Editor": 388053.57100463,
  "Script": 223964.157002926
}