{
  "2D": 11313.093998909,
  "3D": 189666.410003425,
  "AssetLib": 272.101999998093,
  "Editor": 447317.840004445,
  "Script": 246066.234002113
}