{
  "2D": 5197.86599874495,
  "3D": 133127.749005081,
  "AssetLib": 272.101999998093,
  "Editor": 303267.081006052,
  "Script": 164669.364002228
}