{
  "2D": 8473.73999881743,
  "3D": 149996.543003321,
  "AssetLib": 272.101999998093,
  "Editor": 371140.172005176,
  "Script": 212397.78700304
}