{
  "2D": 5197.86599874495,
  "3D": 140074.293004753,
  "AssetLib": 272.101999998093,
  "Editor": 314532.033005955,
  "Script": 168987.772002459
}