{
  "2D": 2750.01599860191,
  "3D": 91454.6100029946,
  "AssetLib": 272.101999998093,
  "Editor": 161692.776003599,
  "Script": 67216.0480020047
}