{
  "2D": 13287.8039987088,
  "3D": 208179.950004104,
  "AssetLib": 272.101999998093,
  "Editor": 484116.477004769,
  "Script": 262376.621001958
}