{
  "2D": 9628.2579987049,
  "3D": 143454.299005987,
  "AssetLib": 272.101999998093,
  "Editor": 323129.941007378,
  "Script": 169775.282002688
}