{
  "2D": 8679.65799856184,
  "3D": 142029.908005478,
  "AssetLib": 272.101999998093,
  "Editor": 320503.512006762,
  "Script": 169521.844002724
}