{
  "2D": 13287.8039987088,
  "3D": 217862.247002844,
  "AssetLib": 272.101999998093,
  "Editor": 495417.913003686,
  "Script": 263995.760002136
}