{
  "3D": 28.5119998455048,
  "Editor": 28.5119998455048
}