{
  "2D": 2750.01599860191,
  "3D": 83318.6180021763,
  "AssetLib": 272.101999998093,
  "Editor": 151456.188002825,
  "Script": 65115.4520020486
}