{
  "2D": 4529.80999875068,
  "3D": 127638.684005262,
  "AssetLib": 272.101999998093,
  "Editor": 270385.037005425,
  "Script": 137944.441001415
}