{
  "2D": 4515.64799833297,
  "3D": 114544.517004013,
  "AssetLib": 272.101999998093,
  "Editor": 234765.461004733,
  "Script": 115433.19400239
}