{
  "2D": 2727.04199886321,
  "3D": 61652.731000185,
  "AssetLib": 272.101999998093,
  "Editor": 128679.549000502,
  "Script": 64027.6740014554
}