{
  "2D": 803.594999790191,
  "3D": 11141.7660005092,
  "Editor": 34948.9910011291,
  "Script": 23003.6300008297
}