{
  "2D": 2750.01599860191,
  "3D": 83881.3350024223,
  "AssetLib": 272.101999998093,
  "Editor": 152018.905003071,
  "Script": 65115.4520020486
}