{
  "2D": 19685.2039988042,
  "3D": 251148.587001566,
  "AssetLib": 272.101999998093,
  "Editor": 547496.29900265,
  "Script": 276390.406002282
}