{
  "2D": 11313.093998909,
  "3D": 193832.008003475,
  "AssetLib": 272.101999998093,
  "Editor": 451483.438004495,
  "Script": 246066.234002113
}