{
  "2D": 4515.64799833297,
  "3D": 117880.053005219,
  "AssetLib": 272.101999998093,
  "Editor": 243498.730005026,
  "Script": 120830.927001476
}