{
  "2D": 2685.65399909019,
  "3D": 36524.2410013675,
  "AssetLib": 272.101999998093,
  "Editor": 95016.3550021647,
  "Script": 55534.358001709
}