{
  "2D": 15199.9149990082,
  "3D": 247859.527001385,
  "AssetLib": 272.101999998093,
  "Editor": 539623.26900268,
  "Script": 276291.725002288
}