{
  "2D": 801.600999832153,
  "3D": 10357.0899999142,
  "Editor": 20287.2250003815,
  "Script": 9128.53400063515
}