{
  "2D": 8555.87099909781,
  "3D": 152636.157002449,
  "AssetLib": 272.101999998093,
  "Editor": 377346.892005444,
  "Script": 215882.762003898
}