{
  "2D": 2900.91099858284,
  "3D": 99069.7150027752,
  "AssetLib": 272.101999998093,
  "Editor": 180065.356003284,
  "Script": 77822.6280019283
}