{
  "2D": 2065.79399967193,
  "3D": 25965.7030007837,
  "Editor": 73365.2000014779,
  "Script": 45333.7030010223
}