{
  "2D": 13287.8039987088,
  "3D": 214523.501003269,
  "AssetLib": 272.101999998093,
  "Editor": 491490.839004042,
  "Script": 263407.432002067
}