{
  "2D": 2727.04199886321,
  "3D": 46176.7100014686,
  "AssetLib": 272.101999998093,
  "Editor": 109323.830001593,
  "Script": 60147.9760012627
}