{
  "2D": 8473.73999881743,
  "3D": 141691.117004634,
  "AssetLib": 272.101999998093,
  "Editor": 351996.55900669,
  "Script": 201559.600003241
}