{
  "2D": 8556.85899901389,
  "3D": 153144.947002649,
  "AssetLib": 272.101999998093,
  "Editor": 380875.458005189,
  "Script": 218901.550003528
}