{
  "2D": 11313.093998909,
  "3D": 179316.519003631,
  "AssetLib": 272.101999998093,
  "Editor": 435223.157005073,
  "Script": 244321.442002535
}