{
  "2D": 3890.01599860191,
  "3D": 106048.282003165,
  "AssetLib": 272.101999998093,
  "Editor": 190488.016003371,
  "Script": 80277.616001606
}