{
  "2D": 8556.85899901389,
  "3D": 162234.538003446,
  "AssetLib": 272.101999998093,
  "Editor": 408268.342004777,
  "Script": 237204.843002319
}