{
  "2D": 8556.85899901389,
  "3D": 159714.984003068,
  "AssetLib": 272.101999998093,
  "Editor": 404914.845004321,
  "Script": 236370.900002241
}