{
  "2D": 13287.8039987088,
  "3D": 219412.245002751,
  "AssetLib": 272.101999998093,
  "Editor": 496967.911003593,
  "Script": 263995.760002136
}