{
  "2D": 4512.63199830055,
  "3D": 112451.227004289,
  "AssetLib": 272.101999998093,
  "Editor": 219071.970004797,
  "Script": 101836.009002209
}