{
  "2D": 13287.8039987088,
  "3D": 233285.091002707,
  "AssetLib": 272.101999998093,
  "Editor": 510840.75700355,
  "Script": 263995.760002136
}