{
  "2D": 8556.85899901389,
  "3D": 152983.064002514,
  "AssetLib": 272.101999998093,
  "Editor": 379923.453005075,
  "Script": 218111.428003549
}