{
  "2D": 2722.93699908256,
  "3D": 43364.0380012988,
  "AssetLib": 272.101999998093,
  "Editor": 102022.229002237,
  "Script": 55663.1520018578
}