{
  "2D": 2750.01599860191,
  "3D": 74649.3020026684,
  "AssetLib": 272.101999998093,
  "Editor": 142786.872003317,
  "Script": 65115.4520020486
}