{
  "2D": 11313.466999054,
  "3D": 199581.450003864,
  "AssetLib": 272.101999998093,
  "Editor": 457325.887004854,
  "Script": 246158.868001938
}