{
  "2D": 8473.73999881743,
  "3D": 149147.555003405,
  "AssetLib": 272.101999998093,
  "Editor": 369349.354005336,
  "Script": 211455.957003116
}