{
  "2D": 1431.35299921036,
  "3D": 18222.367001295,
  "Editor": 55003.7620015144,
  "Script": 35350.042001009
}