{
  "2D": 11313.093998909,
  "3D": 187774.92500353,
  "AssetLib": 272.101999998093,
  "Editor": 445426.35500455,
  "Script": 246066.234002113
}