{
  "2D": 2727.04199886321,
  "3D": 51625.697000742,
  "AssetLib": 272.101999998093,
  "Editor": 115652.353001118,
  "Script": 61027.5120015145
}