{
  "2D": 13287.8039987088,
  "3D": 213087.732003692,
  "AssetLib": 272.101999998093,
  "Editor": 490055.070004465,
  "Script": 263407.432002067
}