{
  "2D": 2684.60299921035,
  "3D": 34221.5680015086,
  "AssetLib": 272.101999998093,
  "Editor": 92393.5490021704,
  "Script": 55215.2760014534
}