{
  "2D": 4528.81599879264,
  "3D": 124549.40400529,
  "AssetLib": 272.101999998093,
  "Editor": 265681.531005384,
  "Script": 136331.209001303
}