{
  "2D": 11363.5319988728,
  "3D": 201788.038004162,
  "AssetLib": 272.101999998093,
  "Editor": 460042.639004948,
  "Script": 246618.967001915
}