{
  "2D": 5444.15499854086,
  "3D": 130794.772005083,
  "AssetLib": 272.101999998093,
  "Editor": 305672.443006278,
  "Script": 169161.414002656
}