{
  "2D": 3.02399969100952,
  "3D": 5611.28999948502,
  "Editor": 5909.01199936867,
  "Script": 294.698000192642
}