{
  "2D": 8473.73999881743,
  "3D": 133441.944004537,
  "AssetLib": 272.101999998093,
  "Editor": 327122.152006388,
  "Script": 184934.366003035
}