{
  "2D": 4528.81599879264,
  "3D": 122220.936004639,
  "AssetLib": 272.101999998093,
  "Editor": 259901.179004908,
  "Script": 132879.325001479
}