{
  "2D": 8556.85899901389,
  "3D": 154221.373002768,
  "AssetLib": 272.101999998093,
  "Editor": 384763.483005047,
  "Script": 221713.149003267
}