{
  "2D": 1021.79799938202,
  "3D": 11942.5050001144,
  "Editor": 47506.0970008373,
  "Script": 34541.7940013408
}