{
  "2D": 13287.8039987088,
  "3D": 209779.125004056,
  "AssetLib": 272.101999998093,
  "Editor": 486317.129004719,
  "Script": 262978.098001956
}