{
  "2D": 1021.79799938202,
  "3D": 11942.5050001144,
  "Editor": 47052.7040009498,
  "Script": 34088.4010014534
}