{
  "2D": 8556.85899901389,
  "3D": 173573.492003442,
  "AssetLib": 272.101999998093,
  "Editor": 419607.296004773,
  "Script": 237204.843002319
}