{
  "2D": 2595.40999913215,
  "3D": 26826.2950012682,
  "AssetLib": 272.101999998093,
  "Editor": 79148.7060019967,
  "Script": 49454.8990015983
}