{
  "2D": 8473.73999881743,
  "3D": 140328.536004305,
  "AssetLib": 272.101999998093,
  "Editor": 349289.809006689,
  "Script": 200215.431003569
}