{
  "2D": 1059.93099927902,
  "3D": 16502.5170006752,
  "Editor": 52756.2810013294,
  "Script": 35193.8330013752
}