{
  "2D": 8260.65899872778,
  "3D": 131787.464004518,
  "AssetLib": 272.101999998093,
  "Editor": 322688.468005896,
  "Script": 182369.302002667
}