{
  "2D": 2727.96699881553,
  "3D": 63061.7469995022,
  "AssetLib": 272.101999998093,
  "Editor": 131177.268000364,
  "Script": 65115.4520020486
}