{
  "2D": 8556.85899901389,
  "3D": 159536.286002875,
  "AssetLib": 272.101999998093,
  "Editor": 399762.896004916,
  "Script": 231398.741003037
}