{
  "2D": 11313.093998909,
  "3D": 185306.806003333,
  "AssetLib": 272.101999998093,
  "Editor": 441514.503004791,
  "Script": 244623.503002405
}