{
  "2D": 5039.81099867819,
  "3D": 130224.760004999,
  "AssetLib": 272.101999998093,
  "Editor": 298442.116006376,
  "Script": 162905.443002701
}