{
  "2D": 2900.91099858284,
  "3D": 101347.547003031,
  "AssetLib": 272.101999998093,
  "Editor": 184369.422003269,
  "Script": 79848.8620016575
}