{
  "2D": 13287.8039987088,
  "3D": 206636.380004171,
  "AssetLib": 272.101999998093,
  "Editor": 472397.489005091,
  "Script": 252201.203002214
}