{
  "2D": 2727.04199886321,
  "3D": 56682.3779995442,
  "AssetLib": 272.101999998093,
  "Editor": 120707.958999872,
  "Script": 61027.5120015145
}