{
  "2D": 5197.86599874495,
  "3D": 138291.300004484,
  "AssetLib": 272.101999998093,
  "Editor": 311627.329005959,
  "Script": 167866.061002732
}