{
  "2D": 2044.53799986839,
  "3D": 99626.2490000727,
  "Editor": 174525.35700202,
  "Script": 72854.5700020789
}