{
  "2D": 5197.86599874495,
  "3D": 135736.56800461,
  "AssetLib": 272.101999998093,
  "Editor": 305875.900005581,
  "Script": 164669.364002228
}