{
  "2D": 13279.8049988747,
  "3D": 202553.742004159,
  "AssetLib": 272.101999998093,
  "Editor": 464821.661004784,
  "Script": 248717.057001829
}