{
  "2D": 1056.92499947548,
  "3D": 16117.1600003242,
  "Editor": 52367.9180011749,
  "Script": 35193.8330013752
}