{
  "2D": 17602.860998869,
  "3D": 250627.842001442,
  "AssetLib": 272.101999998093,
  "Editor": 544893.211002592,
  "Script": 276390.406002282
}