{
  "2D": 1791.05599927902,
  "3D": 23818.5890011786,
  "Editor": 64858.8790013788,
  "Script": 39249.2340009212
}