{
  "2D": 8473.73999881743,
  "3D": 142523.498004914,
  "AssetLib": 272.101999998093,
  "Editor": 358145.606006383,
  "Script": 206876.266002654
}