{
  "2D": 4512.63199830055,
  "3D": 112379.796004295,
  "AssetLib": 272.101999998093,
  "Editor": 211349.660004377,
  "Script": 94185.1300017835
}