{
  "2D": 19811.0629990102,
  "3D": 252496.979001287,
  "AssetLib": 272.101999998093,
  "Editor": 549882.328002932,
  "Script": 277302.184002637
}