{
  "2D": 4512.63199830055,
  "3D": 112373.093004466,
  "AssetLib": 272.101999998093,
  "Editor": 203469.872004033,
  "Script": 86313.0100011826
}