{
  "2D": 803.594999790191,
  "3D": 11141.7660005092,
  "Editor": 33746.9350011348,
  "Script": 21801.5740008354
}