{
  "2D": 803.594999790191,
  "3D": 11141.7660005092,
  "Editor": 33984.3590011596,
  "Script": 22038.9980008602
}