{
  "2D": 803.594999790191,
  "3D": 11141.7660005092,
  "Editor": 33973.9440011978,
  "Script": 22028.5830008984
}